Tm,Year,Season,W,L,PW,PL,MOV,SOS,SRS,ORtg,DRtg,Pace,FTr,3PAr,OeFGPerc,OTOVPerc,ORBPerc,OFTPerFGA,DeFGPerc,DTOVPerc,DRBPerc,DFTPerFGA,Arena,Attendance
ATL,2007,2006-07,30,52,27,55,-4.76,-0.1,-4.86,103,108.3,90,0.346,0.163,0.471,0.151,0.292,0.263,0.503,0.145,0.709,0.268,Philips Arena,639375
BOS,2007,2006-07,24,58,31,51,-3.41,-0.29,-3.7,103.2,106.9,92,0.337,0.199,0.479,0.154,0.27,0.259,0.502,0.145,0.738,0.28,TD Banknorth Garden,690576
CHA,2007,2006-07,33,49,30,52,-3.74,-0.22,-3.97,103.6,107.6,92,0.322,0.193,0.48,0.139,0.264,0.236,0.5,0.147,0.716,0.279,Charlotte Bobcats Arena,637520
CHI,2007,2006-07,49,33,55,27,5.01,-0.49,4.52,104.9,99.6,93.6,0.313,0.186,0.493,0.147,0.286,0.229,0.473,0.162,0.743,0.252,United Center,912364
CLE,2007,2006-07,50,32,52,30,3.83,-0.5,3.33,105.5,101.3,90.8,0.32,0.211,0.484,0.134,0.297,0.223,0.48,0.147,0.758,0.243,Quicken Loans Arena,837883
DAL,2007,2006-07,67,15,61,21,7.22,0.06,7.28,111.3,103.2,89.5,0.317,0.218,0.509,0.134,0.287,0.256,0.477,0.142,0.75,0.265,American Airlines Center,834411
DEN,2007,2006-07,45,37,45,37,1.62,0.07,1.69,107.6,105.9,97.4,0.36,0.212,0.501,0.146,0.289,0.268,0.499,0.145,0.718,0.203,Pepsi Center,706437
DET,2007,2006-07,53,29,53,29,4.16,-0.47,3.69,108.9,104.2,87.3,0.307,0.201,0.488,0.12,0.283,0.237,0.477,0.143,0.709,0.234,The Palace of Auburn Hills,905116
GSW,2007,2006-07,42,40,40,42,-0.34,0.34,0,107,107.4,99.2,0.3,0.279,0.512,0.141,0.256,0.215,0.506,0.161,0.696,0.264,Oracle Arena,742267
HOU,2007,2006-07,52,30,55,27,4.85,0.19,5.04,106,100.7,90.7,0.292,0.29,0.499,0.136,0.257,0.22,0.466,0.136,0.77,0.23,Toyota Center,678362
IND,2007,2006-07,35,47,34,48,-2.44,-0.18,-2.62,102.9,105.5,92.4,0.324,0.212,0.474,0.151,0.284,0.246,0.491,0.148,0.727,0.271,Conseco Fieldhouse,629750
LAC,2007,2006-07,40,42,40,42,-0.46,0.39,-0.07,105.1,105.6,90.8,0.355,0.143,0.481,0.145,0.272,0.28,0.488,0.133,0.747,0.249,STAPLES Center,755261
LAL,2007,2006-07,42,40,41,41,-0.07,0.32,0.24,108.6,108.6,93.5,0.333,0.259,0.511,0.143,0.261,0.249,0.5,0.135,0.723,0.262,STAPLES Center,778415
MEM,2007,2006-07,22,60,27,55,-5.15,0.71,-4.44,106.9,112.3,93.6,0.374,0.211,0.504,0.152,0.259,0.285,0.529,0.14,0.711,0.237,FedEx Forum,600836
MIA,2007,2006-07,44,38,38,44,-0.91,-0.29,-1.21,104.3,105.3,89.9,0.321,0.245,0.506,0.143,0.249,0.222,0.485,0.138,0.733,0.232,AmericanAirlines Arena,808541
MIL,2007,2006-07,28,54,29,53,-4.38,-0.06,-4.43,107,111.7,92.3,0.286,0.219,0.504,0.141,0.276,0.209,0.522,0.145,0.681,0.234,Bradley Center,663629
MIN,2007,2006-07,32,50,30,52,-3.67,0.51,-3.16,103.9,107.9,91,0.291,0.167,0.49,0.148,0.251,0.231,0.498,0.133,0.721,0.226,Target Center,655947
NJN,2007,2006-07,41,41,39,43,-0.77,-0.23,-1,105.7,106.6,91.4,0.338,0.263,0.504,0.142,0.246,0.245,0.49,0.137,0.744,0.266,Continental Airlines Arena,693955
NOK,2007,2006-07,39,43,36,46,-1.57,0.38,-1.19,104.8,106.5,90.2,0.291,0.188,0.479,0.136,0.291,0.215,0.499,0.132,0.747,0.212,Ford Center,731165
NYK,2007,2006-07,33,49,33,49,-2.85,-0.21,-3.06,105.7,108.8,90.8,0.377,0.216,0.494,0.159,0.31,0.27,0.504,0.13,0.74,0.246,Madison Square Garden (IV),770617
ORL,2007,2006-07,40,42,43,39,0.78,-0.43,0.35,104.9,104.1,89.9,0.393,0.158,0.5,0.163,0.293,0.276,0.48,0.146,0.737,0.286,Amway Arena,700887
PHI,2007,2006-07,35,47,32,50,-3.02,-0.23,-3.26,103.6,106.9,90.7,0.333,0.128,0.48,0.146,0.272,0.255,0.501,0.147,0.708,0.221,Wachovia Center,608603
PHO,2007,2006-07,61,21,59,23,7.3,-0.03,7.28,113.9,106.4,95.6,0.267,0.287,0.551,0.134,0.227,0.215,0.492,0.136,0.719,0.206,US Airways Center,755302
POR,2007,2006-07,32,50,29,53,-4.29,0.51,-3.78,105.1,109.9,88.3,0.314,0.193,0.483,0.145,0.282,0.241,0.508,0.135,0.73,0.267,Rose Garden Arena,670778
SAC,2007,2006-07,33,49,36,46,-1.8,0.46,-1.35,106.2,108,94.8,0.379,0.232,0.491,0.135,0.231,0.289,0.513,0.149,0.725,0.24,ARCO Arena (II),709997
SAS,2007,2006-07,58,24,64,18,8.43,-0.08,8.35,109.2,99.9,89.8,0.313,0.247,0.521,0.136,0.242,0.235,0.471,0.14,0.757,0.201,AT&T Center,764823
SEA,2007,2006-07,31,51,33,49,-2.89,0.45,-2.45,107.2,110.3,91.8,0.288,0.219,0.499,0.145,0.278,0.228,0.515,0.141,0.709,0.243,KeyArena at Seattle Center,654163
TOR,2007,2006-07,47,35,44,38,0.99,-0.38,0.61,107,106,92.6,0.303,0.224,0.504,0.13,0.222,0.239,0.503,0.143,0.745,0.219,Air Canada Centre,748603
UTA,2007,2006-07,51,31,49,33,2.87,0.2,3.06,110.1,107,91.6,0.38,0.163,0.502,0.145,0.317,0.283,0.496,0.144,0.751,0.314,EnergySolutions Arena,802214
WAS,2007,2006-07,41,41,40,42,-0.51,-0.28,-0.8,110.1,110.6,94.1,0.356,0.237,0.491,0.126,0.281,0.272,0.517,0.144,0.71,0.249,Verizon Center,753283
ATL,2008,2007-08,37,45,36,46,-1.82,-0.41,-2.23,106.9,108.9,91.1,0.34,0.165,0.483,0.14,0.297,0.263,0.501,0.129,0.717,0.217,Philips Arena,667518
BOS,2008,2007-08,66,16,67,15,10.26,-0.95,9.3,110.2,98.9,90.9,0.346,0.249,0.522,0.147,0.266,0.267,0.457,0.152,0.744,0.253,TD Banknorth Garden,763584
CHA,2008,2007-08,32,50,29,53,-4.38,-0.11,-4.49,104.6,109.4,91.8,0.323,0.22,0.492,0.139,0.256,0.23,0.505,0.134,0.71,0.235,Charlotte Bobcats Arena,603403
CHI,2008,2007-08,33,49,32,50,-3.09,-0.11,-3.19,103.9,107.2,93,0.296,0.19,0.47,0.134,0.289,0.223,0.496,0.142,0.731,0.258,United Center,901502
CLE,2008,2007-08,45,37,40,42,-0.35,-0.17,-0.53,106,106.4,90.2,0.308,0.231,0.48,0.131,0.304,0.221,0.494,0.129,0.759,0.24,Quicken Loans Arena,839074
DAL,2008,2007-08,51,31,54,28,4.54,0.16,4.7,111.1,106.1,90.2,0.318,0.215,0.502,0.123,0.267,0.259,0.474,0.117,0.75,0.252,American Airlines Center,831738
DEN,2008,2007-08,50,32,51,31,3.71,0.03,3.74,110,106.3,99.7,0.358,0.228,0.51,0.129,0.255,0.269,0.499,0.141,0.721,0.203,Pepsi Center,711962
DET,2008,2007-08,59,23,62,20,7.39,-0.72,6.67,111.4,102.9,87.3,0.3,0.203,0.495,0.114,0.294,0.23,0.47,0.134,0.737,0.244,The Palace of Auburn Hills,905116
GSW,2008,2007-08,48,34,47,35,2.21,0.17,2.38,111.8,109.5,98.8,0.276,0.295,0.511,0.115,0.272,0.208,0.509,0.147,0.703,0.258,Oracle Arena,804864
HOU,2008,2007-08,55,27,55,27,4.68,0.15,4.83,106.8,101.6,90.4,0.276,0.255,0.492,0.13,0.291,0.2,0.465,0.128,0.748,0.214,Toyota Center,718524
IND,2008,2007-08,36,46,37,45,-1.4,-0.46,-1.87,106,107.5,97.7,0.292,0.289,0.498,0.135,0.244,0.224,0.498,0.141,0.739,0.271,Conseco Fieldhouse,501092
LAC,2008,2007-08,23,59,21,61,-7.27,0.71,-6.56,101.2,109.1,92.1,0.338,0.167,0.465,0.137,0.231,0.264,0.503,0.128,0.731,0.236,STAPLES Center,692408
LAL,2008,2007-08,57,25,59,23,7.26,0.09,7.34,113,105.5,95.6,0.333,0.257,0.525,0.129,0.263,0.256,0.485,0.129,0.734,0.214,STAPLES Center,778877
MEM,2008,2007-08,22,60,25,57,-6.21,0.45,-5.76,105,111.4,95.3,0.311,0.264,0.5,0.14,0.238,0.225,0.521,0.122,0.734,0.196,FedEx Forum,523578
MIA,2008,2007-08,15,67,18,64,-8.65,0.11,-8.53,100.5,110,90.2,0.3,0.217,0.482,0.144,0.221,0.218,0.51,0.136,0.719,0.245,AmericanAirlines Arena,798004
MIL,2008,2007-08,26,56,23,59,-6.89,-0.03,-6.92,105.3,112.8,91.3,0.294,0.195,0.482,0.137,0.3,0.215,0.524,0.13,0.73,0.25,Bradley Center,639421
MIN,2008,2007-08,22,60,23,59,-6.78,0.52,-6.26,103.8,111.2,91.9,0.248,0.185,0.484,0.136,0.275,0.183,0.513,0.129,0.736,0.269,Target Center,593537
NJN,2008,2007-08,34,48,27,55,-5.06,-0.09,-5.15,104,109.4,91.5,0.347,0.222,0.481,0.142,0.266,0.255,0.497,0.127,0.738,0.271,Izod Center,641921
NOH,2008,2007-08,56,26,56,26,5.28,0.18,5.46,111.5,105.7,89.9,0.251,0.239,0.512,0.114,0.27,0.193,0.501,0.135,0.754,0.184,New Orleans Arena,581432
NYK,2008,2007-08,23,59,23,59,-6.61,0.06,-6.55,104.7,111.9,91.6,0.31,0.215,0.475,0.134,0.286,0.226,0.518,0.121,0.727,0.229,Madison Square Garden (IV),783739
ORL,2008,2007-08,52,30,56,26,5.46,-0.68,4.79,111.3,105.5,93.4,0.355,0.322,0.537,0.136,0.234,0.256,0.484,0.123,0.748,0.217,Amway Arena,709346
PHI,2008,2007-08,40,42,42,40,0.41,-0.23,0.19,106.4,106,90.4,0.321,0.143,0.482,0.134,0.318,0.227,0.504,0.151,0.72,0.205,Wachovia Center,609675
PHO,2008,2007-08,55,27,54,28,5.05,0.09,5.14,113.3,108.1,96.7,0.292,0.26,0.551,0.134,0.224,0.228,0.488,0.118,0.709,0.191,US Airways Center,755302
POR,2008,2007-08,41,41,38,44,-0.98,0.45,-0.52,107.3,108.4,87.9,0.281,0.218,0.489,0.126,0.268,0.216,0.491,0.121,0.718,0.212,Rose Garden Arena,801566
SAC,2008,2007-08,38,44,35,47,-2.26,0.4,-1.86,107.5,109.9,94.7,0.346,0.208,0.503,0.148,0.252,0.276,0.51,0.139,0.717,0.256,ARCO Arena (II),580181
SAS,2008,2007-08,56,26,55,27,4.79,0.31,5.1,107.2,101.8,88.8,0.276,0.251,0.504,0.126,0.234,0.21,0.477,0.128,0.771,0.201,AT&T Center,761149
SEA,2008,2007-08,20,62,19,63,-8.76,0.72,-8.04,100.5,109.5,96.3,0.265,0.134,0.467,0.143,0.268,0.204,0.503,0.119,0.737,0.215,KeyArena at Seattle Center,547556
TOR,2008,2007-08,41,41,49,33,2.9,-0.44,2.47,110.2,107,90.2,0.247,0.217,0.511,0.114,0.234,0.2,0.505,0.135,0.75,0.205,Air Canada Centre,796835
UTA,2008,2007-08,54,28,59,23,6.88,-0.01,6.86,113.8,106.5,93.2,0.349,0.166,0.528,0.136,0.295,0.265,0.501,0.15,0.741,0.294,EnergySolutions Arena,816211
WAS,2008,2007-08,43,39,40,42,-0.33,-0.28,-0.61,109.2,109.6,89.5,0.297,0.241,0.489,0.125,0.289,0.233,0.513,0.135,0.728,0.217,Verizon Center,736461
ATL,2009,2008-09,47,35,46,36,1.57,0.13,1.7,109.3,107.6,89.6,0.323,0.253,0.504,0.125,0.26,0.238,0.494,0.132,0.716,0.21,Philips Arena,686688
BOS,2009,2008-09,62,20,61,21,7.51,-0.07,7.44,110.5,102.3,90.4,0.328,0.214,0.528,0.15,0.279,0.251,0.47,0.14,0.756,0.253,TD Banknorth Garden,763584
CHA,2009,2008-09,35,47,37,45,-1.27,0.07,-1.2,104.7,106.1,88.3,0.312,0.213,0.494,0.151,0.277,0.231,0.498,0.144,0.73,0.229,Time Warner Cable Arena,597548
CHI,2009,2008-09,41,41,40,42,-0.28,0.12,-0.16,108.4,108.7,93.1,0.3,0.189,0.493,0.133,0.28,0.239,0.493,0.131,0.709,0.238,United Center,868667
CLE,2009,2008-09,66,16,65,17,8.93,-0.25,8.68,112.4,102.4,88.7,0.312,0.259,0.519,0.125,0.277,0.236,0.468,0.135,0.746,0.226,Quicken Loans Arena,841000
DAL,2009,2008-09,50,32,47,35,1.98,-0.3,1.68,110.5,108.4,91.5,0.274,0.241,0.504,0.121,0.266,0.224,0.493,0.123,0.746,0.225,American Airlines Center,821723
DEN,2009,2008-09,54,28,50,32,3.41,-0.29,3.13,110.4,106.8,94.3,0.382,0.227,0.512,0.142,0.275,0.29,0.485,0.141,0.717,0.259,Pepsi Center,706165
DET,2009,2008-09,39,43,40,42,-0.49,0.13,-0.36,107.4,108,86.7,0.282,0.165,0.483,0.117,0.279,0.212,0.485,0.117,0.74,0.248,The Palace of Auburn Hills,896971
GSW,2009,2008-09,29,53,31,51,-3.74,-0.06,-3.8,109.5,113.3,98.2,0.339,0.209,0.497,0.129,0.261,0.268,0.508,0.129,0.681,0.251,Oracle Arena,776660
HOU,2009,2008-09,53,29,53,29,4,-0.27,3.73,108.4,104,90.2,0.292,0.254,0.501,0.136,0.264,0.235,0.479,0.119,0.753,0.192,Toyota Center,717669
IND,2009,2008-09,36,46,38,44,-1.11,0.35,-0.76,108.1,109.2,96.5,0.267,0.244,0.501,0.131,0.254,0.215,0.499,0.127,0.745,0.271,Conseco Fieldhouse,581472
LAC,2009,2008-09,19,63,18,64,-8.77,0.3,-8.47,102.3,111.7,92.1,0.275,0.226,0.481,0.14,0.251,0.202,0.512,0.124,0.712,0.227,STAPLES Center,663587
LAL,2009,2008-09,65,17,61,21,7.66,-0.55,7.11,112.8,104.7,94.3,0.299,0.217,0.513,0.123,0.294,0.23,0.49,0.142,0.73,0.213,STAPLES Center,778877
MEM,2009,2008-09,24,58,26,56,-5.46,0.24,-5.23,103.5,109.5,90.1,0.329,0.175,0.486,0.148,0.258,0.249,0.515,0.141,0.735,0.247,FedEx Forum,519895
MIA,2009,2008-09,43,39,42,40,0.26,0.23,0.49,107.8,107.6,89.9,0.282,0.245,0.5,0.121,0.246,0.212,0.501,0.145,0.729,0.251,AmericanAirlines Arena,748778
MIL,2009,2008-09,34,48,38,44,-1.09,0.21,-0.88,106.7,107.9,92.6,0.306,0.208,0.483,0.131,0.278,0.239,0.503,0.156,0.74,0.315,Bradley Center,630976
MIN,2009,2008-09,24,58,27,55,-4.91,0.18,-4.74,106.1,111.4,91.6,0.289,0.227,0.481,0.133,0.277,0.222,0.515,0.12,0.75,0.254,Target Center,595013
NJN,2009,2008-09,34,48,34,48,-2.44,0.13,-2.31,108.3,111,89.9,0.303,0.265,0.497,0.127,0.252,0.236,0.509,0.13,0.735,0.272,Izod Center,621062
NOH,2009,2008-09,49,33,46,36,1.55,-0.14,1.41,108.7,107,87.8,0.288,0.24,0.501,0.125,0.246,0.232,0.496,0.132,0.749,0.23,New Orleans Arena,695727
NYK,2009,2008-09,32,50,34,48,-2.61,0.28,-2.33,108.1,110.8,96.7,0.268,0.322,0.503,0.129,0.244,0.21,0.52,0.13,0.727,0.215,Madison Square Garden (IV),790801
OKC,2009,2008-09,23,59,24,58,-6.1,0.06,-6.04,102.9,109.4,93.6,0.308,0.141,0.471,0.148,0.286,0.242,0.514,0.13,0.739,0.216,Ford Center,766868
ORL,2009,2008-09,59,23,59,23,6.7,-0.21,6.48,109.2,101.9,92.3,0.351,0.335,0.52,0.134,0.24,0.251,0.465,0.123,0.759,0.209,Amway Arena,698768
PHI,2009,2008-09,41,41,41,41,0.07,0.09,0.16,107.9,107.8,90,0.339,0.164,0.485,0.134,0.313,0.253,0.507,0.149,0.714,0.216,Wachovia Center,647898
PHO,2009,2008-09,46,36,46,36,1.93,-0.31,1.62,113.6,111.6,96,0.336,0.216,0.545,0.144,0.277,0.25,0.511,0.128,0.717,0.233,US Airways Center,755302
POR,2009,2008-09,54,28,56,26,5.34,-0.35,5,113.9,107.8,86.6,0.306,0.239,0.511,0.125,0.326,0.234,0.499,0.132,0.75,0.227,Rose Garden Arena,841499
SAC,2009,2008-09,17,65,19,63,-8.76,0.16,-8.6,105.5,114.7,94.2,0.315,0.238,0.491,0.143,0.245,0.252,0.526,0.13,0.699,0.269,ARCO Arena (II),520169
SAS,2009,2008-09,54,28,52,30,3.76,-0.4,3.36,108.5,104.3,88.4,0.251,0.248,0.513,0.117,0.221,0.191,0.487,0.117,0.78,0.191,AT&T Center,749048
TOR,2009,2008-09,33,49,33,49,-2.82,0.28,-2.54,107,110,92,0.279,0.193,0.494,0.128,0.24,0.23,0.511,0.126,0.737,0.202,Air Canada Centre,769707
UTA,2009,2008-09,48,34,48,34,2.65,-0.34,2.31,110.1,107.3,93.1,0.355,0.169,0.504,0.136,0.282,0.274,0.505,0.15,0.727,0.262,EnergySolutions Arena,816042
WAS,2009,2008-09,19,63,21,61,-7.46,0.48,-6.98,105.4,113.6,91,0.293,0.18,0.48,0.132,0.277,0.224,0.533,0.133,0.714,0.227,Verizon Center,681119
ATL,2010,2009-10,53,29,54,28,4.66,-0.22,4.44,111.9,106.7,90.1,0.281,0.214,0.506,0.114,0.282,0.213,0.496,0.132,0.727,0.208,Philips Arena,678375
BOS,2010,2009-10,50,32,52,30,3.66,-0.29,3.37,107.7,103.8,91.6,0.332,0.228,0.522,0.145,0.228,0.248,0.487,0.149,0.738,0.251,TD Garden,763584
CHA,2010,2009-10,44,38,45,37,1.46,-0.17,1.3,104.4,102.8,90.4,0.346,0.211,0.49,0.151,0.265,0.26,0.491,0.147,0.742,0.194,Time Warner Cable Arena,648520
CHI,2010,2009-10,41,41,36,46,-1.63,0,-1.64,103.5,105.3,93.1,0.287,0.156,0.477,0.133,0.266,0.217,0.484,0.123,0.748,0.212,United Center,849760
CLE,2010,2009-10,61,21,59,23,6.52,-0.36,6.17,111.2,104.1,91.4,0.341,0.248,0.532,0.134,0.251,0.246,0.482,0.123,0.772,0.218,Quicken Loans Arena,843042
DAL,2010,2009-10,55,27,49,33,2.72,-0.06,2.66,109.2,106.3,92.5,0.277,0.222,0.506,0.123,0.243,0.226,0.495,0.136,0.737,0.206,American Airlines Center,819770
DEN,2010,2009-10,53,29,52,30,4.09,0.06,4.15,111.8,107.5,94.8,0.376,0.227,0.509,0.127,0.261,0.29,0.495,0.138,0.724,0.251,Pepsi Center,737301
DET,2010,2009-10,27,55,26,56,-5.11,0.09,-5.02,105.6,111.4,88.5,0.303,0.18,0.474,0.128,0.303,0.22,0.526,0.142,0.734,0.264,The Palace of Auburn Hills,768826
GSW,2010,2009-10,26,56,32,50,-3.6,0.32,-3.28,108.1,111.7,100.4,0.294,0.238,0.514,0.131,0.209,0.23,0.525,0.151,0.685,0.26,Oracle Arena,739120
HOU,2010,2009-10,42,40,40,42,-0.37,0.35,-0.02,107.6,108,94,0.292,0.265,0.494,0.132,0.269,0.225,0.511,0.136,0.738,0.215,Toyota Center,677658
IND,2010,2009-10,32,50,33,49,-3.01,-0.1,-3.11,103.7,106.8,97.1,0.296,0.278,0.491,0.138,0.216,0.229,0.49,0.134,0.73,0.258,Conseco Fieldhouse,582295
LAC,2010,2009-10,29,53,24,58,-6.35,0.34,-6.01,103.3,110.1,92.6,0.283,0.221,0.491,0.148,0.271,0.206,0.509,0.122,0.74,0.214,STAPLES Center,670063
LAL,2010,2009-10,57,25,54,28,4.72,0.06,4.78,108.8,103.7,92.8,0.289,0.227,0.496,0.124,0.276,0.221,0.484,0.132,0.744,0.195,STAPLES Center,778877
MEM,2010,2009-10,40,42,37,45,-1.51,0.13,-1.39,108.3,109.9,93.6,0.32,0.148,0.494,0.137,0.313,0.235,0.52,0.132,0.733,0.205,FedEx Forum,552914
MIA,2010,2009-10,47,35,48,34,2.28,-0.29,1.99,106.6,104.1,89.6,0.296,0.219,0.496,0.128,0.261,0.223,0.48,0.139,0.749,0.246,AmericanAirlines Arena,726935
MIL,2010,2009-10,46,36,46,36,1.7,-0.32,1.37,104.9,103.1,91.7,0.239,0.259,0.482,0.123,0.262,0.181,0.486,0.146,0.764,0.266,Bradley Center,619453
MIN,2010,2009-10,15,67,17,65,-9.6,0.54,-9.06,101.7,111.6,96.1,0.278,0.171,0.478,0.146,0.267,0.207,0.525,0.13,0.736,0.22,Target Center,619170
NJN,2010,2009-10,12,70,17,65,-9.12,0.19,-8.93,100.6,110.5,91.4,0.307,0.181,0.458,0.137,0.251,0.24,0.517,0.133,0.718,0.229,Izod Center,537230
NOH,2010,2009-10,37,45,34,48,-2.46,0.19,-2.27,107.4,110.1,92.6,0.243,0.23,0.506,0.127,0.248,0.189,0.523,0.135,0.738,0.205,New Orleans Arena,617366
NYK,2010,2009-10,29,53,31,51,-3.82,-0.19,-4.01,107.6,111.6,94,0.256,0.312,0.509,0.13,0.235,0.2,0.526,0.133,0.721,0.207,Madison Square Garden (IV),799550
OKC,2010,2009-10,50,32,51,31,3.49,0.06,3.55,108.3,104.6,93.1,0.333,0.185,0.494,0.139,0.286,0.268,0.483,0.14,0.736,0.229,Oklahoma City Arena,738149
ORL,2010,2009-10,59,23,61,21,7.49,-0.37,7.12,111.4,103.3,92,0.34,0.35,0.536,0.136,0.246,0.246,0.477,0.122,0.774,0.205,Amway Arena,715901
PHI,2010,2009-10,27,55,30,52,-3.9,-0.03,-3.93,106.1,110.3,91.6,0.27,0.206,0.496,0.137,0.276,0.204,0.518,0.138,0.732,0.231,Wachovia Center,583219
PHO,2010,2009-10,54,28,54,28,4.9,-0.23,4.67,115.3,110.2,95.3,0.312,0.261,0.546,0.136,0.276,0.24,0.491,0.116,0.708,0.224,US Airways Center,723582
POR,2010,2009-10,50,32,51,31,3.3,-0.13,3.18,110.8,107.1,87.7,0.315,0.215,0.499,0.121,0.282,0.249,0.502,0.133,0.748,0.219,Rose Garden Arena,840371
SAC,2010,2009-10,25,57,29,53,-4.37,0.3,-4.06,105.3,109.9,94,0.286,0.201,0.491,0.136,0.278,0.207,0.505,0.126,0.735,0.244,Power Balance Pavilion,543416
SAS,2010,2009-10,50,32,55,27,5.09,-0.02,5.07,110,104.5,91.7,0.296,0.232,0.515,0.129,0.268,0.219,0.483,0.121,0.763,0.214,AT&T Center,741676
TOR,2010,2009-10,40,42,36,46,-1.78,-0.05,-1.83,111.3,113.2,93.1,0.319,0.211,0.521,0.127,0.247,0.244,0.513,0.118,0.729,0.247,Air Canada Centre,733784
UTA,2010,2009-10,53,29,55,27,5.34,-0.01,5.33,110.7,105,93.8,0.34,0.184,0.524,0.142,0.268,0.252,0.492,0.142,0.756,0.269,EnergySolutions Arena,794512
WAS,2010,2009-10,26,56,28,54,-4.78,0.06,-4.72,104.2,109.4,91.6,0.283,0.183,0.481,0.139,0.276,0.216,0.502,0.128,0.724,0.239,Verizon Center,664398
ATL,2011,2010-11,44,38,39,43,-0.82,-0.28,-1.1,106.1,107,89.3,0.269,0.222,0.501,0.135,0.234,0.209,0.495,0.123,0.746,0.211,Philips Arena,641596
BOS,2011,2010-11,56,26,57,25,5.37,-0.54,4.83,106.2,100.3,90.4,0.305,0.18,0.519,0.145,0.211,0.235,0.469,0.148,0.747,0.235,TD Garden,763584
CHA,2011,2010-11,34,48,29,53,-4,-0.08,-4.08,103.4,107.8,89.6,0.314,0.189,0.482,0.141,0.257,0.237,0.5,0.129,0.752,0.229,Time Warner Cable Arena,649694
CHI,2011,2010-11,62,20,61,21,7.32,-0.79,6.53,108.3,100.3,90.4,0.305,0.215,0.501,0.135,0.294,0.227,0.463,0.136,0.762,0.222,United Center,893462
CLE,2011,2010-11,19,63,18,64,-9.01,0.14,-8.88,102.2,111.8,93,0.312,0.224,0.472,0.134,0.242,0.233,0.524,0.127,0.733,0.211,Quicken Loans Arena,824595
DAL,2011,2010-11,57,25,53,29,4.23,0.18,4.41,109.7,105,91.3,0.286,0.274,0.525,0.136,0.241,0.222,0.488,0.13,0.748,0.206,American Airlines Center,824162
DEN,2011,2010-11,50,32,54,28,4.76,0.05,4.81,112.3,107.3,95.6,0.367,0.258,0.526,0.131,0.239,0.281,0.5,0.127,0.754,0.224,Pepsi Center,696568
DET,2011,2010-11,30,52,31,51,-3.6,-0.18,-3.78,107.7,111.7,89.2,0.279,0.189,0.495,0.125,0.274,0.206,0.526,0.138,0.721,0.235,The Palace of Auburn Hills,683080
GSW,2011,2010-11,36,46,35,47,-2.33,0.33,-2,108.2,110.7,94.8,0.241,0.248,0.51,0.133,0.267,0.183,0.509,0.145,0.693,0.259,Oracle Arena,766398
HOU,2011,2010-11,43,39,47,35,2.18,0.19,2.37,111.3,109,94.2,0.299,0.264,0.503,0.123,0.274,0.239,0.5,0.126,0.727,0.219,Toyota Center,663839
IND,2011,2010-11,37,45,38,44,-1.07,-0.3,-1.38,104.8,106,94.7,0.3,0.244,0.486,0.141,0.259,0.235,0.487,0.128,0.741,0.237,Conseco Fieldhouse,555077
LAC,2011,2010-11,32,50,32,50,-3.13,0.42,-2.71,105.3,108.7,92.8,0.332,0.23,0.496,0.151,0.284,0.234,0.499,0.128,0.732,0.25,STAPLES Center,727462
LAL,2011,2010-11,57,25,58,24,6.11,-0.1,6.01,111,104.3,90.7,0.293,0.22,0.502,0.123,0.292,0.228,0.477,0.128,0.723,0.181,STAPLES Center,778877
MEM,2011,2010-11,46,36,48,34,2.34,0.2,2.55,107.6,105.1,91.9,0.291,0.136,0.493,0.13,0.289,0.218,0.502,0.157,0.725,0.228,FedEx Forum,600687
MIA,2011,2010-11,58,24,61,21,7.46,-0.71,6.76,111.7,103.5,90.9,0.363,0.235,0.524,0.135,0.252,0.279,0.475,0.126,0.755,0.223,AmericanAirlines Arena,810930
MIL,2011,2010-11,35,47,38,44,-0.84,-0.17,-1.02,101.6,102.5,89.8,0.287,0.216,0.467,0.13,0.247,0.217,0.481,0.147,0.748,0.236,Bradley Center,631912
MIN,2011,2010-11,17,65,24,58,-6.63,0.67,-5.97,104.2,111.1,96.5,0.282,0.223,0.483,0.151,0.296,0.217,0.514,0.131,0.737,0.251,Target Center,624960
NJN,2011,2010-11,24,58,24,58,-6.24,-0.04,-6.28,103.1,109.9,89.9,0.283,0.201,0.474,0.134,0.261,0.215,0.503,0.118,0.742,0.241,Prudential Center,581378
NOH,2011,2010-11,46,36,44,38,0.89,0.39,1.28,106.2,105.2,88.7,0.296,0.192,0.493,0.128,0.251,0.226,0.501,0.144,0.762,0.22,New Orleans Arena,603088
NYK,2011,2010-11,42,40,43,39,0.78,-0.3,0.48,110.9,110.1,95.6,0.304,0.303,0.513,0.126,0.242,0.246,0.511,0.138,0.719,0.24,Madison Square Garden (IV),808879
OKC,2011,2010-11,55,27,51,31,3.79,0.02,3.81,111.2,107.2,92.7,0.363,0.212,0.501,0.131,0.274,0.299,0.493,0.129,0.736,0.228,Chesapeake Energy Arena,744068
ORL,2011,2010-11,52,30,56,26,5.46,-0.54,4.92,107.9,102,91.2,0.328,0.328,0.521,0.143,0.261,0.227,0.475,0.133,0.769,0.219,Amway Center,777852
PHI,2011,2010-11,41,41,45,37,1.5,-0.5,1.01,106.6,105,91.7,0.273,0.184,0.494,0.123,0.246,0.21,0.487,0.135,0.745,0.231,Wells Fargo Center,604823
PHO,2011,2010-11,40,42,39,43,-0.89,0.43,-0.46,109.5,110.4,94.4,0.283,0.271,0.522,0.132,0.237,0.215,0.513,0.131,0.716,0.211,US Airways Center,720249
POR,2011,2010-11,48,34,46,36,1.52,0.32,1.85,108.8,107.1,87.9,0.278,0.228,0.486,0.126,0.295,0.224,0.51,0.154,0.72,0.231,Rose Garden Arena,840924
SAC,2011,2010-11,24,58,27,55,-5.34,0.54,-4.8,103.5,109,95.2,0.284,0.183,0.48,0.144,0.299,0.208,0.513,0.135,0.744,0.233,Power Balance Pavilion,569496
SAS,2011,2010-11,61,21,56,26,5.71,0.16,5.86,111.8,105.6,92.3,0.299,0.261,0.527,0.128,0.249,0.229,0.491,0.126,0.746,0.19,AT&T Center,750879
TOR,2011,2010-11,22,60,24,58,-6.28,0.01,-6.28,106.1,112.9,92.9,0.293,0.162,0.491,0.137,0.282,0.221,0.522,0.13,0.72,0.251,Air Canada Centre,680255
UTA,2011,2010-11,39,43,36,46,-1.83,0.39,-1.44,108.1,110.1,91,0.313,0.191,0.498,0.135,0.27,0.241,0.505,0.138,0.717,0.275,EnergySolutions Arena,799982
WAS,2011,2010-11,23,59,22,60,-7.4,0.11,-7.3,102.4,110.2,93.8,0.29,0.172,0.471,0.139,0.28,0.216,0.512,0.144,0.705,0.249,Verizon Center,688466
ATL,2012,2011-12,40,26,41,25,3.44,-0.77,2.67,104.9,101.2,90.2,0.259,0.249,0.5,0.134,0.239,0.192,0.48,0.144,0.744,0.186,Philips Arena,501593
BOS,2012,2011-12,39,27,39,27,2.52,-0.26,2.26,101,98.2,90.4,0.257,0.194,0.496,0.147,0.197,0.2,0.452,0.149,0.724,0.216,TD Garden,614592
CHA,2012,2011-12,7,59,7,59,-13.91,-0.05,-13.96,95.2,110.4,91.1,0.276,0.169,0.439,0.139,0.236,0.206,0.512,0.128,0.709,0.206,Time Warner Cable Arena,486984
CHI,2012,2011-12,50,16,51,15,8.18,-0.76,7.43,107.4,98.3,89.1,0.255,0.205,0.49,0.132,0.326,0.184,0.45,0.128,0.743,0.175,United Center,731326
CLE,2012,2011-12,21,45,17,49,-7.2,-0.14,-7.34,101.1,108.9,91.3,0.307,0.238,0.463,0.143,0.289,0.22,0.508,0.131,0.722,0.202,Quicken Loans Arena,525577
DAL,2012,2011-12,36,30,35,31,0.95,0.83,1.78,103.3,102.3,91.4,0.246,0.271,0.489,0.134,0.234,0.19,0.479,0.139,0.748,0.203,American Airlines Center,671050
DEN,2012,2011-12,38,28,39,27,2.88,0.29,3.16,109.2,106.2,94.2,0.326,0.243,0.516,0.141,0.277,0.239,0.508,0.143,0.743,0.185,Pepsi Center,561966
DET,2012,2011-12,25,41,22,44,-4.79,-0.4,-5.19,101,106.3,89.2,0.279,0.175,0.468,0.15,0.281,0.21,0.5,0.142,0.728,0.226,The Palace of Auburn Hills,475638
GSW,2012,2011-12,23,43,25,41,-3.41,0.62,-2.79,105.4,109.1,92.3,0.227,0.248,0.505,0.133,0.229,0.175,0.496,0.136,0.691,0.237,Oracle Arena,622311
HOU,2012,2011-12,34,32,34,32,0.23,0.35,0.57,105.5,105.2,91.7,0.235,0.24,0.492,0.135,0.275,0.184,0.49,0.138,0.734,0.21,Toyota Center,506994
IND,2012,2011-12,42,24,41,25,3.3,-0.71,2.6,106.7,103.1,90.7,0.321,0.198,0.474,0.131,0.292,0.251,0.476,0.141,0.723,0.222,Bankers Life Fieldhouse,467561
LAC,2012,2011-12,40,26,39,27,2.56,0.26,2.82,108.5,105.7,89.2,0.287,0.269,0.502,0.127,0.295,0.195,0.492,0.142,0.732,0.245,STAPLES Center,634237
LAL,2012,2011-12,41,25,36,30,1.42,0.54,1.96,106,104.4,90.5,0.299,0.209,0.491,0.142,0.291,0.226,0.476,0.107,0.748,0.158,STAPLES Center,626901
MEM,2012,2011-12,41,25,38,28,2.02,0.42,2.43,104,101.8,90.8,0.277,0.157,0.473,0.136,0.298,0.211,0.485,0.163,0.727,0.227,FedEx Forum,518446
MIA,2012,2011-12,46,20,47,19,5.98,-0.27,5.72,106.6,100.2,91.2,0.307,0.198,0.505,0.145,0.266,0.238,0.479,0.158,0.739,0.2,AmericanAirlines Arena,657855
MIL,2012,2011-12,31,35,34,32,0.27,-0.5,-0.23,105.5,105.2,93.7,0.25,0.224,0.481,0.129,0.277,0.194,0.489,0.146,0.709,0.217,Bradley Center,485717
MIN,2012,2011-12,26,40,28,38,-2.2,0.37,-1.83,104.3,106.6,93.3,0.306,0.262,0.477,0.14,0.275,0.236,0.491,0.122,0.73,0.187,Target Center,577197
NJN,2012,2011-12,22,44,19,47,-5.98,-0.39,-6.37,102.9,109.6,90.1,0.269,0.278,0.473,0.143,0.278,0.209,0.513,0.137,0.707,0.209,Prudential Center,460719
NOH,2012,2011-12,21,45,24,42,-3.76,0.65,-3.11,100.9,105.1,88.3,0.274,0.152,0.476,0.152,0.275,0.207,0.485,0.135,0.731,0.218,New Orleans Arena,498618
NYK,2012,2011-12,36,30,41,25,3.2,-0.81,2.39,104.4,101,93.2,0.306,0.288,0.492,0.149,0.266,0.227,0.485,0.159,0.737,0.224,Madison Square Garden (IV),652179
OKC,2012,2011-12,47,19,46,20,6.12,0.32,6.44,109.8,103.2,93,0.334,0.252,0.516,0.153,0.278,0.269,0.465,0.13,0.721,0.207,Chesapeake Energy Arena,600699
ORL,2012,2011-12,37,29,35,31,0.79,-0.33,0.46,105,104.1,89,0.292,0.346,0.506,0.145,0.265,0.193,0.488,0.129,0.755,0.19,Amway Center,623587
PHI,2012,2011-12,35,31,43,23,4.24,-0.65,3.59,103.9,99.2,89.7,0.217,0.175,0.48,0.109,0.244,0.161,0.46,0.135,0.752,0.192,Wells Fargo Center,577597
PHO,2012,2011-12,33,33,32,34,-0.24,0.53,0.29,106.2,106.5,92.6,0.257,0.238,0.499,0.133,0.258,0.194,0.491,0.131,0.717,0.2,US Airways Center,514718
POR,2012,2011-12,28,38,32,34,-0.62,0.41,-0.22,105.7,106.4,91.2,0.263,0.255,0.488,0.134,0.263,0.209,0.504,0.141,0.728,0.199,Rose Garden Arena,676384
SAC,2012,2011-12,22,44,21,45,-5.68,0.73,-4.95,103.8,109.8,94.7,0.268,0.228,0.472,0.13,0.291,0.197,0.515,0.139,0.705,0.199,Power Balance Pavilion,478764
SAS,2012,2011-12,50,16,48,18,7.17,0.11,7.28,110.9,103.2,92.9,0.261,0.257,0.528,0.128,0.251,0.195,0.489,0.129,0.76,0.168,AT&T Center,607095
TOR,2012,2011-12,23,43,25,41,-3.3,-0.36,-3.67,100.8,104.5,89.3,0.274,0.209,0.475,0.148,0.259,0.211,0.475,0.128,0.754,0.26,Air Canada Centre,555584
UTA,2012,2011-12,36,30,34,32,0.62,0.3,0.92,106.8,106.1,91.4,0.302,0.153,0.481,0.13,0.302,0.227,0.493,0.138,0.738,0.245,EnergySolutions Arena,637124
WAS,2012,2011-12,20,46,22,44,-4.8,-0.34,-5.14,101,106.2,92.5,0.253,0.196,0.472,0.142,0.273,0.184,0.492,0.142,0.709,0.229,Verizon Center,552038
ATL,2013,2012-13,44,38,42,40,0.4,-0.48,-0.08,104.8,104.4,92.6,0.244,0.286,0.517,0.142,0.222,0.174,0.496,0.142,0.736,0.181,Philips Arena,620146
BOS,2013,2012-13,41,40,40,41,-0.22,-0.4,-0.62,103.1,103.3,91.7,0.263,0.215,0.503,0.141,0.201,0.204,0.482,0.142,0.733,0.216,TD Garden,744960
BRK,2013,2012-13,49,33,46,36,1.78,-0.53,1.25,108.2,106.2,88.8,0.299,0.269,0.498,0.14,0.309,0.219,0.503,0.131,0.737,0.174,Barclays Center,704702
CHA,2013,2012-13,21,61,17,65,-9.23,-0.06,-9.29,101.5,111.5,91.5,0.31,0.21,0.46,0.132,0.257,0.233,0.524,0.132,0.711,0.197,Time Warner Cable Arena,628293
CHI,2013,2012-13,45,37,42,40,0.32,-0.33,-0.02,103.5,103.2,89.3,0.259,0.189,0.47,0.136,0.294,0.201,0.477,0.132,0.736,0.206,United Center,896944
CLE,2013,2012-13,24,58,28,54,-4.68,-0.19,-4.87,104.3,109.4,92.3,0.265,0.229,0.473,0.13,0.281,0.2,0.523,0.144,0.726,0.225,Quicken Loans Arena,663882
DAL,2013,2012-13,41,41,39,43,-0.6,0.36,-0.24,105.9,106.5,94.1,0.242,0.236,0.506,0.13,0.218,0.192,0.492,0.133,0.731,0.227,American Airlines Center,821490
DEN,2013,2012-13,57,25,55,27,5.09,0.28,5.37,110.4,105.1,95.1,0.308,0.217,0.515,0.136,0.314,0.216,0.493,0.143,0.718,0.193,Pepsi Center,730616
DET,2013,2012-13,29,53,29,53,-3.99,-0.34,-4.33,103.8,108.1,90.8,0.282,0.217,0.487,0.143,0.283,0.197,0.505,0.131,0.73,0.209,The Palace of Auburn Hills,606094
GSW,2013,2012-13,47,35,44,38,0.89,0.42,1.32,106.4,105.5,94.5,0.255,0.239,0.506,0.14,0.254,0.201,0.486,0.124,0.755,0.211,Oracle Arena,794320
HOU,2013,2012-13,45,37,50,32,3.48,0.22,3.69,109.7,106.1,96.1,0.308,0.349,0.525,0.149,0.264,0.232,0.502,0.135,0.752,0.196,Toyota Center,683564
IND,2013,2012-13,49,32,52,29,4.02,-0.69,3.34,104.3,99.8,90.2,0.293,0.245,0.479,0.143,0.303,0.219,0.453,0.129,0.746,0.197,Bankers Life Fieldhouse,626069
LAC,2013,2012-13,56,26,59,23,6.45,-0.02,6.43,110.6,103.6,91.1,0.286,0.265,0.526,0.139,0.288,0.203,0.492,0.154,0.735,0.229,STAPLES Center,788293
LAL,2013,2012-13,45,37,44,38,1.16,0.32,1.48,107.8,106.6,94.4,0.345,0.303,0.512,0.139,0.27,0.239,0.496,0.119,0.743,0.163,STAPLES Center,778877
MEM,2013,2012-13,56,26,54,28,4.15,0.18,4.32,104.9,100.3,88.4,0.261,0.166,0.472,0.133,0.31,0.202,0.475,0.152,0.743,0.209,FedEx Forum,681613
MIA,2013,2012-13,66,16,62,20,7.87,-0.84,7.03,112.3,103.7,90.7,0.297,0.285,0.552,0.137,0.222,0.224,0.487,0.148,0.73,0.2,AmericanAirlines Arena,819290
MIL,2013,2012-13,38,44,37,45,-1.5,-0.33,-1.83,103.6,105.2,94.7,0.236,0.232,0.476,0.127,0.279,0.174,0.492,0.144,0.713,0.201,BMO Harris Bradley Center,616469
MIN,2013,2012-13,31,51,34,48,-2.37,0.54,-1.83,102.9,105.4,92.8,0.305,0.22,0.473,0.138,0.274,0.226,0.511,0.15,0.74,0.187,Target Center,669956
NOH,2013,2012-13,27,55,30,52,-3.87,0.75,-3.12,105.7,110.1,88.5,0.248,0.224,0.489,0.14,0.292,0.193,0.52,0.131,0.744,0.208,New Orleans Arena,565930
NYK,2013,2012-13,54,28,53,29,4.23,-0.5,3.73,111.1,106.3,89.8,0.258,0.354,0.515,0.117,0.256,0.196,0.508,0.148,0.747,0.216,Madison Square Garden (IV),780353
OKC,2013,2012-13,60,22,64,18,9.21,-0.06,9.15,112.4,102.6,93.3,0.338,0.244,0.527,0.144,0.267,0.28,0.469,0.135,0.734,0.197,Chesapeake Energy Arena,746323
ORL,2013,2012-13,20,62,22,60,-6.99,-0.14,-7.12,101.6,109.1,92.2,0.197,0.223,0.485,0.137,0.254,0.149,0.508,0.118,0.746,0.195,Amway Center,722716
PHI,2013,2012-13,34,48,31,51,-3.34,-0.17,-3.51,102,105.7,91,0.2,0.209,0.481,0.125,0.249,0.146,0.495,0.137,0.734,0.2,Wells Fargo Center,685412
PHO,2013,2012-13,25,57,23,59,-6.46,0.71,-5.75,101.2,108.1,93.4,0.234,0.21,0.477,0.143,0.27,0.174,0.512,0.142,0.719,0.208,US Airways Center,632913
POR,2013,2012-13,33,49,32,50,-3.17,0.65,-2.53,105.8,109.2,91.4,0.25,0.284,0.498,0.139,0.253,0.194,0.512,0.125,0.733,0.189,Rose Garden Arena,813012
SAC,2013,2012-13,28,54,28,54,-4.88,0.62,-4.26,106.2,111.4,93.6,0.271,0.243,0.491,0.134,0.266,0.208,0.517,0.136,0.71,0.227,Sleep Train Arena,563743
SAS,2013,2012-13,58,24,58,24,6.4,0.27,6.67,108.3,101.6,94.2,0.258,0.264,0.531,0.14,0.205,0.204,0.48,0.137,0.749,0.179,AT&T Center,755700
TOR,2013,2012-13,34,48,37,45,-1.48,-0.48,-1.96,105.9,107.5,90.4,0.274,0.249,0.488,0.13,0.255,0.216,0.5,0.136,0.734,0.247,Air Canada Centre,743936
UTA,2013,2012-13,43,39,41,41,-0.09,0.38,0.3,106.7,106.8,90.9,0.281,0.206,0.492,0.138,0.288,0.214,0.501,0.14,0.732,0.226,EnergySolutions Arena,763915
WAS,2013,2012-13,29,53,33,49,-2.54,-0.25,-2.78,100.2,103,92.2,0.261,0.223,0.475,0.142,0.246,0.191,0.483,0.137,0.746,0.206,Verizon Center,670070
ATL,2014,2013-14,38,44,40,42,-0.48,-0.4,-0.88,105.9,106.4,94.6,0.266,0.316,0.515,0.143,0.21,0.208,0.51,0.14,0.744,0.196,Philips Arena,587927
BOS,2014,2013-14,25,57,28,54,-4.46,-0.51,-4.97,102.9,107.7,93.3,0.248,0.251,0.477,0.142,0.274,0.193,0.505,0.134,0.742,0.227,TD Garden,742400
BRK,2014,2013-14,44,38,38,44,-1,-0.58,-1.58,106.7,107.7,91.4,0.313,0.301,0.514,0.141,0.217,0.236,0.509,0.149,0.723,0.236,Barclays Center,707331
CHA,2014,2013-14,43,39,40,42,-0.22,-0.67,-0.89,103.6,103.8,92.4,0.297,0.219,0.481,0.117,0.219,0.219,0.491,0.126,0.776,0.183,Time Warner Cable Arena,636268
CHI,2014,2013-14,48,34,47,35,1.85,-0.66,1.2,102.5,100.5,90.2,0.29,0.222,0.471,0.142,0.272,0.226,0.471,0.137,0.754,0.189,United Center,890370
CLE,2014,2013-14,33,49,32,50,-3.29,-0.57,-3.86,104.2,107.7,93.1,0.268,0.236,0.479,0.13,0.272,0.201,0.508,0.13,0.758,0.199,Quicken Loans Arena,710522
DAL,2014,2013-14,49,33,48,34,2.4,0.5,2.91,111.2,108.7,93.5,0.253,0.274,0.526,0.127,0.246,0.201,0.515,0.148,0.727,0.229,American Airlines Center,817982
DEN,2014,2013-14,36,46,35,47,-2.15,0.75,-1.4,106,108.2,98.1,0.306,0.278,0.497,0.14,0.275,0.222,0.5,0.128,0.745,0.233,Pepsi Center,692898
DET,2014,2013-14,29,53,31,51,-3.66,-0.48,-4.13,105.9,109.7,94.9,0.296,0.222,0.482,0.129,0.314,0.199,0.52,0.138,0.734,0.218,The Palace of Auburn Hills,616005
GSW,2014,2013-14,51,31,54,28,4.8,0.34,5.15,107.5,102.6,96.2,0.247,0.291,0.517,0.138,0.251,0.186,0.477,0.136,0.763,0.224,Oracle Arena,803436
HOU,2014,2013-14,54,28,53,29,4.56,0.5,5.06,111,106.3,96.3,0.386,0.33,0.531,0.146,0.274,0.275,0.489,0.125,0.741,0.193,Toyota Center,743082
IND,2014,2013-14,56,26,54,28,4.4,-0.77,3.63,104.1,99.3,92.5,0.29,0.235,0.49,0.143,0.249,0.226,0.46,0.129,0.768,0.197,Bankers Life Fieldhouse,717542
LAC,2014,2013-14,57,25,59,23,6.98,0.3,7.27,112.1,104.8,95.9,0.353,0.291,0.526,0.127,0.25,0.258,0.484,0.138,0.725,0.222,STAPLES Center,787692
LAL,2014,2013-14,27,55,25,57,-6.29,0.96,-5.33,104.2,110.6,98.7,0.263,0.291,0.505,0.137,0.202,0.199,0.513,0.124,0.71,0.192,STAPLES Center,771974
MEM,2014,2013-14,50,32,46,36,1.57,0.61,2.18,106.3,104.6,89.9,0.248,0.171,0.494,0.131,0.283,0.184,0.497,0.138,0.757,0.199,FedEx Forum,685458
MIA,2014,2013-14,54,28,54,28,4.76,-0.61,4.15,110.9,105.8,91.2,0.3,0.292,0.554,0.146,0.206,0.228,0.511,0.158,0.73,0.212,AmericanAirlines Arena,811036
MIL,2014,2013-14,15,67,20,62,-8.18,-0.23,-8.41,103,111.8,91.8,0.274,0.231,0.479,0.141,0.271,0.204,0.52,0.132,0.714,0.225,BMO Harris Bradley Center,552067
MIN,2014,2013-14,40,42,48,34,2.67,0.43,3.1,108.9,106.2,97.3,0.321,0.245,0.486,0.122,0.274,0.249,0.518,0.148,0.744,0.177,Target Center,597157
NOP,2014,2013-14,34,48,33,49,-2.71,0.73,-1.98,107.2,110.1,92.2,0.286,0.193,0.495,0.129,0.269,0.22,0.515,0.136,0.738,0.249,Smoothie King Center,672029
NYK,2014,2013-14,37,45,39,43,-0.79,-0.61,-1.4,108.3,109.1,90.3,0.248,0.302,0.505,0.125,0.251,0.189,0.514,0.14,0.743,0.245,Madison Square Garden (IV),812292
OKC,2014,2013-14,59,23,58,24,6.34,0.32,6.66,110.5,103.9,95.4,0.303,0.271,0.52,0.14,0.265,0.244,0.488,0.139,0.756,0.221,Chesapeake Energy Arena,746323
ORL,2014,2013-14,23,59,26,56,-5.44,-0.44,-5.88,101.7,107.4,93.6,0.253,0.235,0.487,0.139,0.224,0.193,0.504,0.13,0.755,0.211,Amway Center,666046
PHI,2014,2013-14,19,63,16,66,-10.45,-0.21,-10.66,99.4,109.9,99.2,0.268,0.258,0.475,0.148,0.248,0.19,0.524,0.149,0.724,0.244,Wells Fargo Center,568632
PHO,2014,2013-14,48,34,48,34,2.63,0.39,3.02,109.5,106.7,95.8,0.293,0.3,0.519,0.14,0.264,0.222,0.496,0.139,0.737,0.237,US Airways Center,650739
POR,2014,2013-14,54,28,52,30,3.99,0.45,4.44,111.5,107.4,94.9,0.27,0.29,0.504,0.124,0.28,0.22,0.488,0.11,0.747,0.194,Moda Center,809612
SAC,2014,2013-14,28,54,33,49,-2.9,0.82,-2.08,105.7,108.8,94.4,0.331,0.218,0.484,0.139,0.278,0.251,0.512,0.127,0.766,0.234,Sleep Train Arena,667949
SAS,2014,2013-14,62,20,61,21,7.72,0.28,8,110.5,102.4,95,0.24,0.257,0.537,0.135,0.227,0.188,0.482,0.128,0.764,0.184,AT&T Center,755031
TOR,2014,2013-14,48,34,50,32,3.24,-0.69,2.55,108.8,105.3,91.8,0.306,0.285,0.498,0.132,0.272,0.239,0.493,0.141,0.749,0.237,Air Canada Centre,748339
UTA,2014,2013-14,25,57,22,60,-7.17,0.91,-6.27,103.5,111.3,91.4,0.271,0.237,0.484,0.139,0.255,0.202,0.518,0.121,0.745,0.227,EnergySolutions Arena,745203
WAS,2014,2013-14,44,38,45,37,1.27,-0.79,0.48,106,104.6,93.2,0.248,0.246,0.506,0.136,0.252,0.181,0.504,0.15,0.757,0.22,Verizon Center,698068
ATL,2015,2014-15,60,22,56,26,5.43,-0.68,4.75,108.9,103.1,93.9,0.259,0.321,0.527,0.135,0.214,0.201,0.492,0.149,0.734,0.185,Philips Arena,713909
BOS,2015,2014-15,40,42,41,41,0.16,-0.56,-0.4,104.7,104.5,95.8,0.233,0.28,0.489,0.125,0.247,0.176,0.494,0.137,0.75,0.208,TD Garden,721350
BRK,2015,2014-15,38,44,33,49,-2.88,-0.25,-3.13,104.4,107.4,92.7,0.267,0.24,0.491,0.13,0.239,0.2,0.506,0.129,0.737,0.185,Barclays Center,698529
CHI,2015,2014-15,50,32,50,32,3,-0.46,2.54,107.5,104.3,92.8,0.304,0.269,0.489,0.129,0.27,0.238,0.473,0.113,0.744,0.182,United Center,886612
CHO,2015,2014-15,33,49,32,50,-3.17,-0.27,-3.44,100.1,103.5,93,0.269,0.226,0.456,0.112,0.221,0.202,0.487,0.12,0.793,0.188,Time Warner Cable Arena,704886
CLE,2015,2014-15,53,29,53,29,4.48,-0.4,4.08,111.1,106.3,92.3,0.287,0.334,0.52,0.134,0.268,0.216,0.502,0.126,0.747,0.177,Quicken Loans Arena,843042
DAL,2015,2014-15,50,32,49,33,2.9,0.46,3.36,109.5,106.4,95.2,0.262,0.296,0.515,0.119,0.236,0.197,0.503,0.147,0.722,0.204,American Airlines Center,827702
DEN,2015,2014-15,30,52,31,51,-3.55,0.48,-3.07,104.5,108.2,96.1,0.278,0.284,0.479,0.127,0.266,0.204,0.504,0.13,0.747,0.239,Pepsi Center,602707
DET,2015,2014-15,32,50,38,44,-1,-0.39,-1.39,105.3,106.4,92.8,0.261,0.29,0.482,0.123,0.277,0.184,0.502,0.132,0.75,0.192,The Palace of Auburn Hills,625917
GSW,2015,2014-15,67,15,65,17,10.1,-0.09,10.01,111.6,101.4,98.3,0.239,0.311,0.54,0.131,0.241,0.184,0.47,0.143,0.745,0.217,Oracle Arena,803436
HOU,2015,2014-15,56,26,50,32,3.44,0.38,3.82,107,103.4,96.5,0.312,0.392,0.512,0.15,0.268,0.223,0.486,0.146,0.729,0.208,Toyota Center,747412
IND,2015,2014-15,38,44,42,40,0.28,-0.51,-0.23,103.5,103.2,93.2,0.266,0.255,0.484,0.131,0.24,0.201,0.478,0.12,0.779,0.217,Bankers Life Fieldhouse,691434
LAC,2015,2014-15,56,26,58,24,6.59,0.22,6.8,112.4,105.5,94.7,0.303,0.322,0.533,0.116,0.228,0.215,0.493,0.132,0.757,0.231,STAPLES Center,785892
LAL,2015,2014-15,21,61,23,59,-6.84,0.67,-6.17,103.4,110.6,94,0.276,0.22,0.473,0.121,0.254,0.204,0.518,0.121,0.763,0.231,STAPLES Center,768244
MEM,2015,2014-15,55,27,50,32,3.24,0.38,3.62,105.7,102.2,92,0.276,0.184,0.489,0.126,0.247,0.214,0.492,0.145,0.753,0.183,FedEx Forum,710502
MIA,2015,2014-15,37,45,33,49,-2.6,-0.32,-2.92,103.9,106.7,90.9,0.306,0.262,0.5,0.145,0.232,0.227,0.505,0.142,0.734,0.213,AmericanAirlines Arena,808223
MIL,2015,2014-15,41,41,42,40,0.43,-0.52,-0.09,102.7,102.2,94.1,0.258,0.223,0.499,0.155,0.254,0.195,0.487,0.159,0.733,0.221,BMO Harris Bradley Center,593910
MIN,2015,2014-15,16,66,19,63,-8.79,0.79,-8,102.9,112.2,94.4,0.309,0.179,0.468,0.137,0.266,0.24,0.537,0.139,0.716,0.187,Target Center,595652
NOP,2015,2014-15,45,37,43,39,0.79,0.34,1.13,108.2,107.3,91.4,0.263,0.233,0.501,0.125,0.271,0.198,0.496,0.117,0.751,0.195,Smoothie King Center,683757
NYK,2015,2014-15,17,65,17,65,-9.32,-0.18,-9.5,99.9,110,91.2,0.234,0.24,0.47,0.14,0.245,0.18,0.512,0.133,0.731,0.234,Madison Square Garden (IV),812292
OKC,2015,2014-15,45,37,47,35,2.18,0.28,2.47,107.8,105.5,95.7,0.284,0.262,0.492,0.131,0.289,0.214,0.489,0.124,0.756,0.213,Chesapeake Energy Arena,746323
ORL,2015,2014-15,25,57,25,57,-5.72,-0.15,-5.87,101.6,107.7,93.8,0.23,0.235,0.494,0.14,0.231,0.168,0.514,0.136,0.76,0.21,Amway Center,688194
PHI,2015,2014-15,18,64,18,64,-8.98,-0.07,-9.04,95.5,104.8,95.7,0.288,0.319,0.459,0.16,0.255,0.195,0.497,0.152,0.73,0.225,Wells Fargo Center,571572
PHO,2015,2014-15,39,43,38,44,-0.9,0.52,-0.38,105.3,106.2,96.3,0.251,0.291,0.501,0.137,0.245,0.191,0.497,0.14,0.735,0.221,US Airways Center,693862
POR,2015,2014-15,51,31,53,29,4.23,0.18,4.41,108.2,103.7,94.2,0.225,0.316,0.508,0.126,0.242,0.18,0.476,0.113,0.762,0.182,Moda Center,798368
SAC,2015,2014-15,29,53,31,51,-3.71,0.64,-3.07,105.3,109.2,95.4,0.363,0.204,0.49,0.148,0.265,0.276,0.507,0.118,0.752,0.2,Sleep Train Arena,680049
SAS,2015,2014-15,55,27,58,24,6.2,0.14,6.34,108.5,102,93.8,0.256,0.269,0.517,0.131,0.234,0.2,0.484,0.133,0.773,0.19,AT&T Center,762855
TOR,2015,2014-15,49,33,49,33,3.07,-0.62,2.45,111,107.7,92.8,0.295,0.302,0.508,0.12,0.256,0.232,0.506,0.134,0.733,0.208,Air Canada Centre,809824
UTA,2015,2014-15,38,44,42,40,0.22,0.49,0.71,105.1,104.9,90.4,0.297,0.274,0.494,0.146,0.291,0.214,0.491,0.128,0.763,0.199,EnergySolutions Arena,772059
WAS,2015,2014-15,46,36,43,39,0.72,-0.55,0.17,103.7,103,93.7,0.259,0.203,0.499,0.14,0.249,0.192,0.481,0.129,0.773,0.21,Verizon Center,747796
ATL,2016,2015-16,48,34,51,31,3.61,-0.12,3.49,105.1,101.4,97.1,0.237,0.336,0.516,0.138,0.191,0.185,0.48,0.144,0.746,0.194,Philips Arena,690150
BOS,2016,2015-16,48,34,50,32,3.21,-0.37,2.84,106.8,103.6,98.5,0.264,0.293,0.488,0.121,0.251,0.208,0.487,0.146,0.746,0.231,TD Garden,749076
BRK,2016,2015-16,21,61,22,60,-7.35,0.24,-7.12,103.2,110.9,95.2,0.246,0.218,0.492,0.136,0.241,0.186,0.534,0.131,0.757,0.176,Barclays Center,620142
CHI,2016,2015-16,42,40,37,45,-1.48,0.01,-1.46,105,106.5,95.7,0.24,0.244,0.487,0.126,0.245,0.189,0.485,0.107,0.749,0.182,United Center,894659
CHO,2016,2015-16,48,34,49,33,2.72,-0.36,2.36,107.1,104.3,95.7,0.28,0.348,0.502,0.117,0.2,0.222,0.496,0.125,0.798,0.191,Time Warner Cable Arena,716894
CLE,2016,2015-16,57,25,57,25,6,-0.55,5.45,110.9,104.5,93.3,0.259,0.352,0.524,0.127,0.251,0.194,0.496,0.126,0.785,0.205,Quicken Loans Arena,843042
DAL,2016,2015-16,42,40,40,42,-0.3,0.29,-0.02,106.7,107,94.3,0.265,0.339,0.502,0.12,0.206,0.211,0.504,0.128,0.762,0.198,American Airlines Center,825901
DEN,2016,2015-16,33,49,33,49,-3.1,0.29,-2.81,105.6,108.9,95.7,0.282,0.277,0.489,0.132,0.258,0.216,0.515,0.126,0.773,0.216,Pepsi Center,577898
DET,2016,2015-16,44,38,43,39,0.61,-0.18,0.43,106.1,105.5,95.1,0.296,0.303,0.491,0.122,0.27,0.197,0.504,0.125,0.793,0.196,The Palace of Auburn Hills,677138
GSW,2016,2015-16,73,9,65,17,10.76,-0.38,10.38,114.5,103.8,99.3,0.25,0.362,0.563,0.135,0.235,0.191,0.479,0.126,0.76,0.208,Oracle Arena,803436
HOU,2016,2015-16,41,41,42,40,0.2,0.14,0.34,108.3,108.1,97.6,0.352,0.37,0.516,0.142,0.257,0.244,0.516,0.147,0.728,0.219,Toyota Center,737244
IND,2016,2015-16,45,37,46,36,1.71,-0.09,1.62,104.6,102.9,96.6,0.268,0.27,0.497,0.135,0.234,0.205,0.489,0.143,0.76,0.205,Bankers Life Fieldhouse,690733
LAC,2016,2015-16,53,29,53,29,4.28,-0.15,4.13,108.3,103.8,95.8,0.318,0.324,0.524,0.121,0.201,0.22,0.48,0.138,0.738,0.222,STAPLES Center,786910
LAL,2016,2015-16,17,65,17,65,-9.56,0.64,-8.92,101.6,111.6,95.6,0.292,0.29,0.46,0.125,0.231,0.228,0.523,0.116,0.747,0.202,STAPLES Center,778877
MEM,2016,2015-16,42,40,35,47,-2.24,0.11,-2.14,105.4,107.8,93.3,0.295,0.222,0.477,0.123,0.253,0.231,0.518,0.152,0.751,0.251,FedEx Forum,701894
MIA,2016,2015-16,48,34,46,36,1.65,-0.14,1.5,106.1,104.4,93.6,0.282,0.221,0.508,0.133,0.238,0.21,0.485,0.121,0.778,0.196,AmericanAirlines Arena,809350
MIL,2016,2015-16,33,49,29,53,-4.18,0.2,-3.98,104.3,108.7,94.2,0.276,0.189,0.499,0.142,0.249,0.207,0.51,0.142,0.731,0.221,BMO Harris Bradley Center,621808
MIN,2016,2015-16,29,53,31,51,-3.54,0.15,-3.38,106.5,110.1,95.2,0.332,0.202,0.498,0.139,0.243,0.263,0.524,0.136,0.747,0.2,Target Center,581178
NOP,2016,2015-16,30,52,31,51,-3.79,0.24,-3.56,105.6,109.5,96.8,0.259,0.277,0.498,0.123,0.212,0.201,0.523,0.127,0.788,0.225,Smoothie King Center,688549
NYK,2016,2015-16,32,50,33,49,-2.73,0,-2.74,104.6,107.6,93.4,0.255,0.256,0.483,0.126,0.237,0.205,0.487,0.105,0.758,0.204,Madison Square Garden (IV),812292
OKC,2016,2015-16,55,27,59,23,7.28,-0.19,7.09,113.1,105.6,96.7,0.292,0.275,0.524,0.14,0.311,0.228,0.484,0.117,0.76,0.205,Chesapeake Energy Arena,746323
ORL,2016,2015-16,35,47,36,46,-1.62,-0.06,-1.68,105.1,106.8,96,0.232,0.255,0.5,0.128,0.231,0.175,0.513,0.138,0.765,0.215,Amway Center,719275
PHI,2016,2015-16,10,72,16,66,-10.23,0.31,-9.92,98.8,109.2,97.9,0.269,0.327,0.487,0.148,0.206,0.186,0.51,0.135,0.74,0.24,Wells Fargo Center,614650
PHO,2016,2015-16,23,59,24,58,-6.66,0.34,-6.32,102.2,109,98.5,0.271,0.302,0.487,0.152,0.254,0.204,0.523,0.135,0.771,0.237,Talking Stick Resort Arena,701405
POR,2016,2015-16,44,38,43,39,0.83,0.15,0.98,108.8,108,96,0.268,0.332,0.511,0.132,0.259,0.202,0.503,0.121,0.762,0.225,Moda Center,794085
SAC,2016,2015-16,33,49,34,48,-2.48,0.16,-2.32,106,108.4,100,0.295,0.26,0.51,0.142,0.239,0.214,0.521,0.14,0.749,0.202,Sleep Train Arena,707526
SAS,2016,2015-16,67,15,67,15,10.63,-0.36,10.28,110.3,99,93.8,0.246,0.223,0.526,0.124,0.23,0.197,0.477,0.141,0.791,0.182,AT&T Center,756445
TOR,2016,2015-16,56,26,53,29,4.5,-0.42,4.08,110,105.2,92.9,0.328,0.287,0.504,0.123,0.246,0.255,0.498,0.127,0.777,0.201,Air Canada Centre,812863
UTA,2016,2015-16,40,42,46,36,1.79,0.05,1.84,105.9,103.9,91,0.286,0.297,0.501,0.142,0.259,0.213,0.495,0.135,0.777,0.21,Vivint Smart Home Arena,791489
WAS,2016,2015-16,41,41,40,42,-0.5,0,-0.5,105.3,105.8,98.5,0.263,0.282,0.511,0.131,0.206,0.192,0.515,0.146,0.777,0.218,Verizon Center,725426
ATL,2017,2016-17,43,39,39,43,-0.85,-0.38,-1.23,104.9,105.7,97.4,0.295,0.309,0.504,0.142,0.236,0.215,0.507,0.138,0.761,0.179,Philips Arena,654306
BOS,2017,2016-17,53,29,48,34,2.63,-0.39,2.25,111.2,108.4,96.8,0.273,0.393,0.525,0.122,0.212,0.22,0.503,0.126,0.753,0.223,TD Garden,760690
BRK,2017,2016-17,20,62,24,58,-6.73,-0.01,-6.74,104.1,110.7,101.3,0.289,0.371,0.507,0.147,0.196,0.228,0.513,0.116,0.761,0.212,Barclays Center,632608
CHI,2017,2016-17,41,41,42,40,0.43,-0.39,0.03,107.4,107,95.3,0.259,0.256,0.487,0.123,0.27,0.206,0.507,0.124,0.768,0.169,United Center,888882
CHO,2017,2016-17,36,46,42,40,0.2,-0.26,-0.07,108.8,108.6,95.7,0.279,0.335,0.501,0.107,0.199,0.227,0.523,0.121,0.796,0.164,Spectrum Center,710643
CLE,2017,2016-17,51,31,49,33,3.18,-0.31,2.87,113.6,110.3,96.2,0.275,0.399,0.547,0.126,0.219,0.206,0.516,0.114,0.758,0.174,Quicken Loans Arena,843042
DAL,2017,2016-17,33,49,33,49,-2.93,0.4,-2.53,105.6,108.8,92.2,0.225,0.366,0.505,0.116,0.181,0.18,0.529,0.144,0.776,0.218,American Airlines Center,811366
DEN,2017,2016-17,40,42,42,40,0.51,0.19,0.7,113.2,112.7,98.3,0.276,0.329,0.53,0.132,0.273,0.214,0.532,0.109,0.787,0.194,Pepsi Center,605585
DET,2017,2016-17,37,45,38,44,-1.12,-0.17,-1.29,106,107.1,95,0.218,0.263,0.492,0.109,0.241,0.157,0.516,0.121,0.812,0.197,The Palace of Auburn Hills,655141
GSW,2017,2016-17,67,15,67,15,11.63,-0.28,11.35,115.6,104,99.8,0.259,0.359,0.563,0.132,0.228,0.204,0.486,0.135,0.749,0.198,Oracle Arena,803436
HOU,2017,2016-17,55,27,55,27,5.77,0.08,5.84,114.7,109,100,0.304,0.462,0.545,0.133,0.246,0.233,0.519,0.132,0.758,0.194,Toyota Center,695903
IND,2017,2016-17,42,40,40,42,-0.22,-0.42,-0.64,108.6,108.8,95.9,0.261,0.272,0.516,0.128,0.212,0.212,0.512,0.136,0.755,0.225,Bankers Life Fieldhouse,684578
LAC,2017,2016-17,51,31,52,30,4.29,0.13,4.42,112.7,108.2,96.1,0.312,0.329,0.537,0.12,0.215,0.233,0.506,0.121,0.769,0.211,STAPLES Center,782609
LAL,2017,2016-17,26,56,24,58,-6.88,0.58,-6.29,106,113,98.5,0.259,0.295,0.501,0.135,0.25,0.195,0.542,0.13,0.758,0.213,STAPLES Center,776917
MEM,2017,2016-17,43,39,42,40,0.49,0.47,0.96,107.7,107.1,92.3,0.28,0.316,0.491,0.121,0.248,0.219,0.506,0.136,0.775,0.256,FedEx Forum,677314
MIA,2017,2016-17,41,41,44,38,1.06,-0.29,0.77,107.8,106.7,95.2,0.251,0.314,0.512,0.124,0.242,0.177,0.496,0.126,0.764,0.22,AmericanAirlines Arena,805400
MIL,2017,2016-17,42,40,40,42,-0.18,-0.26,-0.45,109.1,109.3,94.5,0.274,0.29,0.527,0.132,0.215,0.21,0.518,0.136,0.754,0.215,BMO Harris Bradley Center,648952
MIN,2017,2016-17,31,51,38,44,-1.11,0.47,-0.64,110.8,112,94.6,0.287,0.249,0.511,0.129,0.272,0.229,0.535,0.132,0.759,0.212,Target Center,607203
NOP,2017,2016-17,34,48,35,47,-2.1,0.41,-1.69,105.2,107.4,98,0.256,0.308,0.504,0.117,0.185,0.192,0.509,0.124,0.768,0.177,Smoothie King Center,663099
NYK,2017,2016-17,31,51,31,51,-3.67,-0.2,-3.87,107.7,111.5,96,0.239,0.279,0.496,0.124,0.266,0.188,0.511,0.117,0.741,0.214,Madison Square Garden (IV),810741
OKC,2017,2016-17,47,35,43,39,0.76,0.39,1.14,108.3,107.5,97.8,0.295,0.295,0.5,0.132,0.279,0.22,0.511,0.125,0.79,0.218,Chesapeake Energy Arena,746323
ORL,2017,2016-17,29,53,24,58,-6.57,-0.04,-6.61,103.7,110.5,96.8,0.246,0.3,0.489,0.121,0.216,0.184,0.523,0.119,0.774,0.201,Amway Center,727875
PHI,2017,2016-17,28,54,26,56,-5.7,-0.14,-5.83,103.2,108.9,98.5,0.258,0.349,0.501,0.149,0.224,0.199,0.512,0.135,0.753,0.234,Wells Fargo Center,710557
PHO,2017,2016-17,24,58,27,55,-5.63,0.49,-5.14,106.6,112.2,100.3,0.297,0.255,0.493,0.134,0.26,0.231,0.525,0.131,0.764,0.264,Talking Stick Resort Arena,708639
POR,2017,2016-17,41,41,40,42,-0.52,0.3,-0.23,110.3,110.8,96.7,0.275,0.322,0.52,0.125,0.23,0.214,0.508,0.116,0.768,0.241,Moda Center,792029
SAC,2017,2016-17,32,50,31,51,-3.88,0.58,-3.29,107.3,111.3,94.9,0.284,0.291,0.516,0.137,0.21,0.22,0.528,0.129,0.763,0.227,Golden 1 Center,721928
SAS,2017,2016-17,61,21,60,22,7.2,-0.06,7.13,111.1,103.5,94.2,0.263,0.281,0.524,0.126,0.24,0.21,0.492,0.135,0.776,0.192,AT&T Center,755347
TOR,2017,2016-17,51,31,52,30,4.21,-0.56,3.65,112.3,107.8,94.7,0.293,0.289,0.517,0.118,0.25,0.233,0.507,0.135,0.763,0.223,Air Canada Centre,813050
UTA,2017,2016-17,51,31,52,30,3.94,0.06,4,109.6,105.3,91.6,0.288,0.327,0.526,0.132,0.232,0.215,0.493,0.118,0.789,0.195,Vivint Smart Home Arena,806142
WAS,2017,2016-17,49,33,46,36,1.8,-0.45,1.36,111.2,109.3,97.4,0.254,0.284,0.528,0.128,0.241,0.199,0.524,0.138,0.755,0.213,Verizon Center,697107
ATL,2018,2017-18,24,58,27,55,-5.45,0.15,-5.3,105,110.6,98.3,0.236,0.363,0.512,0.141,0.211,0.185,0.536,0.136,0.762,0.183,Philips Arena,590769
BOS,2018,2017-18,55,27,51,31,3.59,-0.35,3.23,107.6,103.9,96,0.243,0.357,0.518,0.13,0.215,0.188,0.495,0.13,0.784,0.191,TD Garden,763584
BRK,2018,2017-18,28,54,31,51,-3.74,0.07,-3.67,106.9,110.6,98.9,0.26,0.411,0.514,0.136,0.21,0.201,0.517,0.11,0.77,0.201,Barclays Center,640010
CHI,2018,2017-18,27,55,23,59,-7.04,0.2,-6.84,103.8,110.9,98.3,0.216,0.35,0.497,0.126,0.206,0.164,0.542,0.124,0.806,0.184,United Center,851824
CHO,2018,2017-18,36,46,42,40,0.26,-0.19,0.07,109.4,109.1,98.4,0.312,0.314,0.508,0.114,0.222,0.233,0.532,0.124,0.807,0.165,Spectrum Center,671404
CLE,2018,2017-18,50,32,43,39,0.94,-0.35,0.59,112.9,111.9,98,0.275,0.379,0.547,0.126,0.201,0.214,0.54,0.122,0.773,0.166,Quicken Loans Arena,843042
DAL,2018,2017-18,24,58,33,49,-3.04,0.34,-2.7,106.3,109.5,95.6,0.217,0.382,0.513,0.116,0.18,0.166,0.532,0.129,0.789,0.193,American Airlines Center,811453
DEN,2018,2017-18,46,36,45,37,1.48,0.09,1.57,112.5,111,96.8,0.258,0.357,0.536,0.134,0.257,0.198,0.539,0.126,0.775,0.173,Pepsi Center,702796
DET,2018,2017-18,39,43,41,41,-0.15,-0.11,-0.26,107.2,107.3,96.2,0.227,0.333,0.512,0.123,0.227,0.169,0.524,0.137,0.785,0.172,Little Caesars Arena,713945
GSW,2018,2017-18,58,24,56,26,5.98,-0.19,5.79,113.6,107.6,99.6,0.239,0.339,0.569,0.141,0.21,0.195,0.504,0.126,0.763,0.186,Oracle Arena,803436
HOU,2018,2017-18,65,17,61,21,8.48,-0.27,8.21,114.7,106.1,97.6,0.298,0.502,0.551,0.127,0.213,0.233,0.521,0.134,0.799,0.171,Toyota Center,732722
IND,2018,2017-18,48,34,45,37,1.38,-0.2,1.18,109.5,108.1,96,0.222,0.284,0.525,0.123,0.227,0.173,0.527,0.142,0.762,0.174,Bankers Life Fieldhouse,658119
LAC,2018,2017-18,42,40,41,41,0.04,0.11,0.15,110.3,110.2,98.7,0.299,0.314,0.527,0.132,0.235,0.222,0.52,0.126,0.761,0.203,STAPLES Center,697812
LAL,2018,2017-18,35,47,37,45,-1.55,0.11,-1.44,106.5,108,100.3,0.264,0.329,0.517,0.138,0.236,0.188,0.514,0.125,0.777,0.19,STAPLES Center,776327
MEM,2018,2017-18,22,60,25,57,-6.21,0.39,-5.81,104.5,111,94.9,0.255,0.317,0.5,0.14,0.224,0.201,0.529,0.138,0.765,0.256,FedEx Forum,653863
MIA,2018,2017-18,44,38,42,40,0.48,-0.33,0.15,106.8,106.3,95.6,0.229,0.358,0.52,0.133,0.215,0.173,0.507,0.131,0.79,0.215,AmericanAirlines Arena,804850
MIL,2018,2017-18,44,38,40,42,-0.3,-0.15,-0.45,109.8,110.1,96.2,0.281,0.297,0.531,0.129,0.204,0.22,0.528,0.142,0.759,0.22,BMO Harris Bradley Center,685303
MIN,2018,2017-18,47,35,47,35,2.23,0.12,2.35,113.4,111.1,96,0.28,0.261,0.523,0.114,0.244,0.225,0.539,0.139,0.764,0.189,Target Center,699308
NOP,2018,2017-18,48,34,44,38,1.3,0.18,1.48,109.6,108.3,100.5,0.237,0.319,0.541,0.133,0.2,0.183,0.513,0.125,0.767,0.175,Smoothie King Center,673920
NYK,2018,2017-18,29,53,32,50,-3.56,0.03,-3.53,107.1,110.7,96.8,0.216,0.266,0.51,0.133,0.241,0.17,0.522,0.122,0.767,0.208,Madison Square Garden (IV),792608
OKC,2018,2017-18,48,34,50,32,3.41,0,3.42,110.7,107.2,96.7,0.275,0.345,0.514,0.124,0.277,0.197,0.525,0.147,0.774,0.193,Chesapeake Energy Arena,746322
ORL,2018,2017-18,25,57,28,54,-4.82,-0.1,-4.92,105.2,110.1,98.1,0.238,0.342,0.512,0.133,0.2,0.18,0.525,0.128,0.756,0.187,Amway Center,734531
PHI,2018,2017-18,52,30,53,29,4.5,-0.2,4.3,109.5,105,99.8,0.263,0.344,0.535,0.146,0.253,0.198,0.492,0.126,0.786,0.218,Wells Fargo Center,833503
PHO,2018,2017-18,21,61,19,63,-9.37,0.57,-8.8,103.5,112.8,100.3,0.275,0.32,0.495,0.139,0.225,0.203,0.533,0.119,0.765,0.212,Talking Stick Resort Arena,690576
POR,2018,2017-18,49,33,48,34,2.6,0,2.6,109.1,106.4,96.5,0.24,0.324,0.511,0.123,0.233,0.192,0.503,0.117,0.791,0.193,Moda Center,795750
SAC,2018,2017-18,27,55,23,59,-6.99,0.39,-6.6,103.7,111.1,94.9,0.194,0.278,0.502,0.128,0.215,0.143,0.542,0.135,0.776,0.199,Golden 1 Center,714680
SAS,2018,2017-18,47,35,49,33,2.89,0,2.89,107.9,104.8,95,0.245,0.282,0.507,0.122,0.237,0.189,0.507,0.132,0.786,0.17,AT&T Center,754562
TOR,2018,2017-18,59,23,60,22,7.78,-0.49,7.29,113.8,105.9,97.4,0.25,0.377,0.539,0.121,0.23,0.198,0.501,0.13,0.777,0.212,Air Canada Centre,813431
UTA,2018,2017-18,48,34,53,29,4.3,0.17,4.47,108.4,103.9,95.7,0.26,0.357,0.527,0.137,0.215,0.202,0.506,0.14,0.798,0.19,Vivint Smart Home Arena,734806
WAS,2018,2017-18,43,39,43,39,0.59,-0.06,0.53,109.3,108.7,96.6,0.254,0.31,0.525,0.133,0.235,0.196,0.522,0.136,0.771,0.212,Capital One Arena,739302
ATL,2019,2018-19,29,53,27,55,-6.02,-0.04,-6.06,108.1,113.9,103.9,0.255,0.403,0.522,0.143,0.247,0.192,0.541,0.128,0.764,0.237,State Farm Arena,628440
BOS,2019,2018-19,49,33,52,30,4.44,-0.54,3.9,112.2,107.8,99.6,0.215,0.381,0.534,0.115,0.216,0.173,0.514,0.134,0.77,0.198,TD Garden,763584
BRK,2019,2018-19,42,40,41,41,-0.07,-0.33,-0.4,109.6,109.7,100.8,0.284,0.403,0.52,0.13,0.238,0.211,0.512,0.116,0.764,0.19,Barclays Center,612597
CHI,2019,2018-19,22,60,21,61,-8.41,0.1,-8.32,104.8,113.2,99,0.235,0.295,0.505,0.127,0.194,0.184,0.541,0.119,0.773,0.188,United Center,823475
CHO,2019,2018-19,39,43,38,44,-1.1,-0.22,-1.32,111.4,112.5,98.7,0.257,0.378,0.514,0.109,0.217,0.205,0.538,0.121,0.771,0.179,Spectrum Center,676570
CLE,2019,2018-19,19,63,19,63,-9.61,0.22,-9.39,107.7,117.6,96.6,0.236,0.332,0.503,0.122,0.237,0.187,0.564,0.115,0.77,0.181,Quicken Loans Arena,793337
DAL,2019,2018-19,33,49,38,44,-1.28,0.42,-0.87,109.4,110.7,99,0.291,0.422,0.519,0.127,0.227,0.216,0.522,0.116,0.775,0.191,American Airlines Center,820569
DEN,2019,2018-19,54,28,51,31,3.95,0.24,4.19,113,108.9,97.7,0.232,0.348,0.527,0.119,0.266,0.175,0.521,0.123,0.78,0.194,Pepsi Center,756457
DET,2019,2018-19,41,41,40,42,-0.24,-0.31,-0.56,109,109.2,97.4,0.262,0.394,0.509,0.123,0.248,0.195,0.526,0.128,0.787,0.211,Little Caesars Arena,675963
GSW,2019,2018-19,57,25,56,26,6.46,-0.04,6.42,115.9,109.5,100.9,0.227,0.384,0.565,0.126,0.225,0.182,0.508,0.117,0.771,0.205,Oracle Arena,803436
HOU,2019,2018-19,53,29,53,29,4.77,0.19,4.96,115.5,110.7,97.9,0.279,0.519,0.542,0.12,0.228,0.221,0.525,0.134,0.744,0.21,Toyota Center,740392
IND,2019,2018-19,48,34,50,32,3.33,-0.57,2.76,109.9,106.5,98.1,0.242,0.292,0.53,0.124,0.219,0.182,0.516,0.141,0.762,0.184,Bankers Life Fieldhouse,689310
LAC,2019,2018-19,48,34,43,39,0.85,0.23,1.09,112.4,111.5,101.7,0.326,0.295,0.529,0.127,0.22,0.258,0.514,0.114,0.76,0.224,STAPLES Center,710327
LAL,2019,2018-19,37,45,37,45,-1.72,0.39,-1.33,107.8,109.5,103.2,0.257,0.342,0.527,0.134,0.222,0.18,0.516,0.122,0.764,0.192,STAPLES Center,778877
MEM,2019,2018-19,33,49,34,48,-2.6,0.51,-2.08,106.1,108.8,96.6,0.272,0.342,0.508,0.129,0.2,0.21,0.521,0.139,0.776,0.232,FedEx Forum,638332
MIA,2019,2018-19,39,43,40,42,-0.23,-0.22,-0.45,107.3,107.6,98.2,0.247,0.368,0.515,0.131,0.248,0.172,0.51,0.127,0.776,0.201,AmericanAirlines Arena,805264
MIL,2019,2018-19,60,22,61,21,8.87,-0.82,8.04,113.8,105.2,103.3,0.255,0.419,0.55,0.12,0.208,0.197,0.503,0.115,0.803,0.162,Fiserv Forum,721692
MIN,2019,2018-19,36,46,37,45,-1.5,0.48,-1.02,111.4,112.9,100.2,0.267,0.315,0.511,0.114,0.246,0.21,0.538,0.129,0.749,0.19,Target Center,627543
NOP,2019,2018-19,33,49,38,44,-1.33,0.23,-1.1,111.4,112.6,103.3,0.254,0.324,0.529,0.126,0.241,0.193,0.532,0.116,0.768,0.193,Smoothie King Center,656183
NYK,2019,2018-19,17,65,19,63,-9.21,0.28,-8.93,104.5,113.7,99.6,0.27,0.334,0.49,0.124,0.221,0.205,0.533,0.117,0.761,0.203,Madison Square Garden (IV),779087
OKC,2019,2018-19,49,33,50,32,3.4,0.15,3.56,110.3,107,102.8,0.266,0.347,0.514,0.117,0.26,0.19,0.523,0.144,0.782,0.206,Chesapeake Energy Arena,746323
ORL,2019,2018-19,42,40,43,39,0.71,-0.43,0.28,108.9,108.1,98.1,0.216,0.36,0.518,0.119,0.22,0.168,0.515,0.118,0.797,0.186,Amway Center,720024
PHI,2019,2018-19,51,31,48,34,2.7,-0.44,2.25,112.6,110,101.6,0.312,0.342,0.532,0.129,0.245,0.241,0.512,0.111,0.786,0.206,Wells Fargo Center,838342
PHO,2019,2018-19,19,63,19,63,-9.34,0.73,-8.61,105.9,115.1,100.5,0.259,0.335,0.514,0.138,0.205,0.202,0.545,0.135,0.725,0.236,Talking Stick Resort Arena,627023
POR,2019,2018-19,53,29,51,31,4.2,0.24,4.43,114.7,110.5,99.1,0.258,0.339,0.528,0.121,0.266,0.21,0.516,0.11,0.779,0.195,Moda Center,799345
SAC,2019,2018-19,39,43,38,44,-1.12,0.31,-0.81,110.4,111.5,103.1,0.244,0.321,0.524,0.115,0.231,0.177,0.533,0.136,0.755,0.207,Golden 1 Center,700975
SAS,2019,2018-19,48,34,45,37,1.68,0.12,1.8,112.9,111.2,98.3,0.237,0.286,0.534,0.11,0.21,0.194,0.528,0.11,0.794,0.17,AT&T Center,750616
TOR,2019,2018-19,58,24,56,26,6.09,-0.6,5.49,113.1,107.1,100.2,0.247,0.379,0.543,0.124,0.219,0.198,0.509,0.131,0.771,0.19,Scotiabank Arena,812822
UTA,2019,2018-19,50,32,54,28,5.26,0.03,5.28,110.9,105.7,100.3,0.295,0.394,0.538,0.134,0.229,0.217,0.507,0.124,0.803,0.189,Vivint Smart Home Arena,750546
WAS,2019,2018-19,32,50,34,48,-2.9,-0.4,-3.3,111.1,113.9,101.4,0.266,0.37,0.531,0.123,0.213,0.204,0.546,0.135,0.741,0.199,Capital One Arena,716996
